<?xml version="1.0" encoding="UTF-8"?>
<GenRun Id="impl_3" LaunchPart="xc7a35tcpg236-1" LaunchTime="1513797894">
  <File Type="ROUTE-PWR-RPX" Name="VGATopModule_power_routed.rpx"/>
  <File Type="PA-TCL" Name="VGATopModule.tcl"/>
  <File Type="INIT-TIMING" Name="VGATopModule_timing_summary_init.rpt"/>
  <File Type="OPT-METHODOLOGY-DRC" Name="VGATopModule_methodology_drc_opted.rpt"/>
  <File Type="PWROPT-DRC" Name="VGATopModule_drc_pwropted.rpt"/>
  <File Type="RDI-RDI" Name="VGATopModule.vdi"/>
  <File Type="OPT-DCP" Name="VGATopModule_opt.dcp"/>
  <File Type="OPT-HWDEF" Name="VGATopModule.hwdef"/>
  <File Type="OPT-DRC" Name="VGATopModule_drc_opted.rpt"/>
  <File Type="OPT-TIMING" Name="VGATopModule_timing_summary_opted.rpt"/>
  <File Type="PWROPT-DCP" Name="VGATopModule_pwropt.dcp"/>
  <File Type="PWROPT-TIMING" Name="VGATopModule_timing_summary_pwropted.rpt"/>
  <File Type="PLACE-DCP" Name="VGATopModule_placed.dcp"/>
  <File Type="PLACE-IO" Name="VGATopModule_io_placed.rpt"/>
  <File Type="PLACE-CLK" Name="VGATopModule_clock_utilization_placed.rpt"/>
  <File Type="PLACE-UTIL" Name="VGATopModule_utilization_placed.rpt"/>
  <File Type="PLACE-UTIL-PB" Name="VGATopModule_utilization_placed.pb"/>
  <File Type="PLACE-CTRL" Name="VGATopModule_control_sets_placed.rpt"/>
  <File Type="PLACE-SIMILARITY" Name="VGATopModule_incremental_reuse_placed.rpt"/>
  <File Type="PLACE-PRE-SIMILARITY" Name="VGATopModule_incremental_reuse_pre_placed.rpt"/>
  <File Type="PLACE-TIMING" Name="VGATopModule_timing_summary_placed.rpt"/>
  <File Type="POSTPLACE-PWROPT-DCP" Name="VGATopModule_postplace_pwropt.dcp"/>
  <File Type="POSTPLACE-PWROPT-TIMING" Name="VGATopModule_timing_summary_postplace_pwropted.rpt"/>
  <File Type="PHYSOPT-DCP" Name="VGATopModule_physopt.dcp"/>
  <File Type="PHYSOPT-DRC" Name="VGATopModule_drc_physopted.rpt"/>
  <File Type="PHYSOPT-TIMING" Name="VGATopModule_timing_summary_physopted.rpt"/>
  <File Type="ROUTE-ERROR-DCP" Name="VGATopModule_routed_error.dcp"/>
  <File Type="ROUTE-DCP" Name="VGATopModule_routed.dcp"/>
  <File Type="ROUTE-BLACKBOX-DCP" Name="VGATopModule_routed_bb.dcp"/>
  <File Type="ROUTE-DRC" Name="VGATopModule_drc_routed.rpt"/>
  <File Type="ROUTE-DRC-PB" Name="VGATopModule_drc_routed.pb"/>
  <File Type="ROUTE-DRC-RPX" Name="VGATopModule_drc_routed.rpx"/>
  <File Type="BG-BIN" Name="VGATopModule.bin"/>
  <File Type="ROUTE-METHODOLOGY-DRC" Name="VGATopModule_methodology_drc_routed.rpt"/>
  <File Type="BG-DRC" Name="VGATopModule.drc"/>
  <File Type="ROUTE-METHODOLOGY-DRC-RPX" Name="VGATopModule_methodology_drc_routed.rpx"/>
  <File Type="BITSTR-MSK" Name="VGATopModule.msk"/>
  <File Type="ROUTE-METHODOLOGY-DRC-PB" Name="VGATopModule_methodology_drc_routed.pb"/>
  <File Type="BG-BGN" Name="VGATopModule.bgn"/>
  <File Type="ROUTE-PWR" Name="VGATopModule_power_routed.rpt"/>
  <File Type="ROUTE-PWR-SUM" Name="VGATopModule_power_summary_routed.pb"/>
  <File Type="ROUTE-STATUS" Name="VGATopModule_route_status.rpt"/>
  <File Type="ROUTE-STATUS-PB" Name="VGATopModule_route_status.pb"/>
  <File Type="ROUTE-TIMINGSUMMARY" Name="VGATopModule_timing_summary_routed.rpt"/>
  <File Type="ROUTE-TIMING-PB" Name="VGATopModule_timing_summary_routed.pb"/>
  <File Type="ROUTE-TIMING-RPX" Name="VGATopModule_timing_summary_routed.rpx"/>
  <File Type="ROUTE-SIMILARITY" Name="VGATopModule_incremental_reuse_routed.rpt"/>
  <File Type="ROUTE-CLK" Name="VGATopModule_clock_utilization_routed.rpt"/>
  <File Type="POSTROUTE-PHYSOPT-DCP" Name="VGATopModule_postroute_physopt.dcp"/>
  <File Type="POSTROUTE-PHYSOPT-BLACKBOX-DCP" Name="VGATopModule_postroute_physopt_bb.dcp"/>
  <File Type="POSTROUTE-PHYSOPT-TIMING" Name="VGATopModule_timing_summary_postroute_physopted.rpt"/>
  <File Type="POSTROUTE-PHYSOPT-TIMING-PB" Name="VGATopModule_timing_summary_postroute_physopted.pb"/>
  <File Type="POSTROUTE-PHYSOPT-TIMING-RPX" Name="VGATopModule_timing_summary_postroute_physopted.rpx"/>
  <File Type="BG-BIT" Name="VGATopModule.bit"/>
  <File Type="BITSTR-RBT" Name="VGATopModule.rbt"/>
  <File Type="BITSTR-NKY" Name="VGATopModule.nky"/>
  <File Type="BITSTR-BMM" Name="VGATopModule_bd.bmm"/>
  <File Type="BITSTR-MMI" Name="VGATopModule.mmi"/>
  <File Type="BITSTR-SYSDEF" Name="VGATopModule.sysdef"/>
  <File Type="WBT-USG" Name="usage_statistics_webtalk.html"/>
  <FileSet Name="sources" Type="DesignSrcs" RelSrcDir="$PSRCDIR/sources_1">
    <Filter Type="Srcs"/>
    <File Path="$PSRCDIR/sources_1/new/clockDivider.vhd">
      <FileInfo>
        <Attr Name="UsedIn" Val="synthesis"/>
        <Attr Name="UsedIn" Val="simulation"/>
      </FileInfo>
    </File>
    <File Path="$PSRCDIR/sources_1/new/decoder.vhd">
      <FileInfo>
        <Attr Name="UsedIn" Val="synthesis"/>
        <Attr Name="UsedIn" Val="simulation"/>
      </FileInfo>
    </File>
    <File Path="$PSRCDIR/sources_1/new/divider.vhd">
      <FileInfo>
        <Attr Name="UsedIn" Val="synthesis"/>
        <Attr Name="UsedIn" Val="simulation"/>
      </FileInfo>
    </File>
    <File Path="$PSRCDIR/sources_1/new/driver.vhd">
      <FileInfo>
        <Attr Name="UsedIn" Val="synthesis"/>
        <Attr Name="UsedIn" Val="simulation"/>
      </FileInfo>
    </File>
    <File Path="$PSRCDIR/sources_1/new/logicModule.vhd">
      <FileInfo>
        <Attr Name="UsedIn" Val="synthesis"/>
        <Attr Name="UsedIn" Val="simulation"/>
      </FileInfo>
    </File>
    <File Path="$PSRCDIR/sources_1/new/tModule.vhd">
      <FileInfo>
        <Attr Name="UsedIn" Val="synthesis"/>
        <Attr Name="UsedIn" Val="simulation"/>
      </FileInfo>
    </File>
    <File Path="$PSRCDIR/sources_1/new/VGATopModule.vhd">
      <FileInfo>
        <Attr Name="UsedIn" Val="synthesis"/>
        <Attr Name="UsedIn" Val="simulation"/>
      </FileInfo>
    </File>
    <Config>
      <Option Name="DesignMode" Val="RTL"/>
      <Option Name="TopModule" Val="VGATopModule"/>
    </Config>
  </FileSet>
  <FileSet Name="constrs_in" Type="Constrs" RelSrcDir="$PSRCDIR/constrs_1">
    <Filter Type="Constrs"/>
    <File Path="$PSRCDIR/constrs_1/new/constraint.xdc">
      <FileInfo>
        <Attr Name="UsedIn" Val="synthesis"/>
        <Attr Name="UsedIn" Val="implementation"/>
      </FileInfo>
    </File>
    <Config>
      <Option Name="ConstrsType" Val="XDC"/>
    </Config>
  </FileSet>
  <Strategy Version="1" Minor="2">
    <StratHandle Name="Vivado Implementation Defaults" Flow="Vivado Implementation 2017"/>
    <Step Id="init_design"/>
    <Step Id="opt_design"/>
    <Step Id="power_opt_design"/>
    <Step Id="place_design"/>
    <Step Id="post_place_power_opt_design"/>
    <Step Id="phys_opt_design"/>
    <Step Id="route_design"/>
    <Step Id="post_route_phys_opt_design"/>
    <Step Id="write_bitstream"/>
  </Strategy>
</GenRun>
