<?xml version="1.0" encoding="UTF-8"?>
<GenRun Id="impl_2" LaunchPart="xc7a35tcpg236-1" LaunchTime="1513703716">
  <File Type="PWROPT-DRC" Name="logicModule_drc_pwropted.rpt"/>
  <File Type="OPT-METHODOLOGY-DRC" Name="logicModule_methodology_drc_opted.rpt"/>
  <File Type="INIT-TIMING" Name="logicModule_timing_summary_init.rpt"/>
  <File Type="ROUTE-PWR-RPX" Name="logicModule_power_routed.rpx"/>
  <File Type="PA-TCL" Name="logicModule.tcl"/>
  <File Type="OPT-HWDEF" Name="logicModule.hwdef"/>
  <File Type="RDI-RDI" Name="logicModule.vdi"/>
  <File Type="OPT-DCP" Name="logicModule_opt.dcp"/>
  <File Type="OPT-DRC" Name="logicModule_drc_opted.rpt"/>
  <File Type="OPT-TIMING" Name="logicModule_timing_summary_opted.rpt"/>
  <File Type="PWROPT-DCP" Name="logicModule_pwropt.dcp"/>
  <File Type="PWROPT-TIMING" Name="logicModule_timing_summary_pwropted.rpt"/>
  <File Type="PLACE-DCP" Name="logicModule_placed.dcp"/>
  <File Type="PLACE-IO" Name="logicModule_io_placed.rpt"/>
  <File Type="PLACE-CLK" Name="logicModule_clock_utilization_placed.rpt"/>
  <File Type="PLACE-UTIL" Name="logicModule_utilization_placed.rpt"/>
  <File Type="PLACE-UTIL-PB" Name="logicModule_utilization_placed.pb"/>
  <File Type="PLACE-CTRL" Name="logicModule_control_sets_placed.rpt"/>
  <File Type="PLACE-SIMILARITY" Name="logicModule_incremental_reuse_placed.rpt"/>
  <File Type="PLACE-PRE-SIMILARITY" Name="logicModule_incremental_reuse_pre_placed.rpt"/>
  <File Type="PLACE-TIMING" Name="logicModule_timing_summary_placed.rpt"/>
  <File Type="POSTPLACE-PWROPT-DCP" Name="logicModule_postplace_pwropt.dcp"/>
  <File Type="POSTPLACE-PWROPT-TIMING" Name="logicModule_timing_summary_postplace_pwropted.rpt"/>
  <File Type="PHYSOPT-DCP" Name="logicModule_physopt.dcp"/>
  <File Type="PHYSOPT-DRC" Name="logicModule_drc_physopted.rpt"/>
  <File Type="PHYSOPT-TIMING" Name="logicModule_timing_summary_physopted.rpt"/>
  <File Type="ROUTE-ERROR-DCP" Name="logicModule_routed_error.dcp"/>
  <File Type="ROUTE-DCP" Name="logicModule_routed.dcp"/>
  <File Type="ROUTE-BLACKBOX-DCP" Name="logicModule_routed_bb.dcp"/>
  <File Type="ROUTE-DRC" Name="logicModule_drc_routed.rpt"/>
  <File Type="ROUTE-DRC-PB" Name="logicModule_drc_routed.pb"/>
  <File Type="BG-BIN" Name="logicModule.bin"/>
  <File Type="ROUTE-DRC-RPX" Name="logicModule_drc_routed.rpx"/>
  <File Type="BG-DRC" Name="logicModule.drc"/>
  <File Type="ROUTE-METHODOLOGY-DRC" Name="logicModule_methodology_drc_routed.rpt"/>
  <File Type="BITSTR-MSK" Name="logicModule.msk"/>
  <File Type="ROUTE-METHODOLOGY-DRC-RPX" Name="logicModule_methodology_drc_routed.rpx"/>
  <File Type="BG-BGN" Name="logicModule.bgn"/>
  <File Type="ROUTE-METHODOLOGY-DRC-PB" Name="logicModule_methodology_drc_routed.pb"/>
  <File Type="ROUTE-PWR" Name="logicModule_power_routed.rpt"/>
  <File Type="ROUTE-PWR-SUM" Name="logicModule_power_summary_routed.pb"/>
  <File Type="ROUTE-STATUS" Name="logicModule_route_status.rpt"/>
  <File Type="ROUTE-STATUS-PB" Name="logicModule_route_status.pb"/>
  <File Type="ROUTE-TIMINGSUMMARY" Name="logicModule_timing_summary_routed.rpt"/>
  <File Type="ROUTE-TIMING-PB" Name="logicModule_timing_summary_routed.pb"/>
  <File Type="ROUTE-TIMING-RPX" Name="logicModule_timing_summary_routed.rpx"/>
  <File Type="ROUTE-SIMILARITY" Name="logicModule_incremental_reuse_routed.rpt"/>
  <File Type="ROUTE-CLK" Name="logicModule_clock_utilization_routed.rpt"/>
  <File Type="POSTROUTE-PHYSOPT-DCP" Name="logicModule_postroute_physopt.dcp"/>
  <File Type="POSTROUTE-PHYSOPT-BLACKBOX-DCP" Name="logicModule_postroute_physopt_bb.dcp"/>
  <File Type="POSTROUTE-PHYSOPT-TIMING" Name="logicModule_timing_summary_postroute_physopted.rpt"/>
  <File Type="POSTROUTE-PHYSOPT-TIMING-PB" Name="logicModule_timing_summary_postroute_physopted.pb"/>
  <File Type="POSTROUTE-PHYSOPT-TIMING-RPX" Name="logicModule_timing_summary_postroute_physopted.rpx"/>
  <File Type="BG-BIT" Name="logicModule.bit"/>
  <File Type="BITSTR-RBT" Name="logicModule.rbt"/>
  <File Type="BITSTR-NKY" Name="logicModule.nky"/>
  <File Type="BITSTR-BMM" Name="logicModule_bd.bmm"/>
  <File Type="BITSTR-MMI" Name="logicModule.mmi"/>
  <File Type="BITSTR-SYSDEF" Name="logicModule.sysdef"/>
  <File Type="WBT-USG" Name="usage_statistics_webtalk.html"/>
  <FileSet Name="sources" Type="DesignSrcs" RelSrcDir="$PSRCDIR/sources_1">
    <Filter Type="Srcs"/>
    <File Path="$PSRCDIR/sources_1/new/clockDivider.vhd">
      <FileInfo>
        <Attr Name="UsedIn" Val="synthesis"/>
        <Attr Name="UsedIn" Val="simulation"/>
      </FileInfo>
    </File>
    <File Path="$PSRCDIR/sources_1/new/logicModule.vhd">
      <FileInfo>
        <Attr Name="UsedIn" Val="synthesis"/>
        <Attr Name="UsedIn" Val="simulation"/>
      </FileInfo>
    </File>
    <File Path="$PSRCDIR/sources_1/new/VGATopModule.vhd">
      <FileInfo>
        <Attr Name="AutoDisabled" Val="1"/>
        <Attr Name="UsedIn" Val="synthesis"/>
        <Attr Name="UsedIn" Val="simulation"/>
      </FileInfo>
    </File>
    <Config>
      <Option Name="DesignMode" Val="RTL"/>
      <Option Name="TopModule" Val="logicModule"/>
    </Config>
  </FileSet>
  <FileSet Name="constrs_in" Type="Constrs" RelSrcDir="$PSRCDIR/constrs_1">
    <Filter Type="Constrs"/>
    <File Path="$PSRCDIR/constrs_1/new/constraint.xdc">
      <FileInfo>
        <Attr Name="UsedIn" Val="synthesis"/>
        <Attr Name="UsedIn" Val="implementation"/>
      </FileInfo>
    </File>
    <Config>
      <Option Name="ConstrsType" Val="XDC"/>
    </Config>
  </FileSet>
  <Strategy Version="1" Minor="2">
    <StratHandle Name="Vivado Implementation Defaults" Flow="Vivado Implementation 2017"/>
    <Step Id="init_design"/>
    <Step Id="opt_design"/>
    <Step Id="power_opt_design"/>
    <Step Id="place_design"/>
    <Step Id="post_place_power_opt_design"/>
    <Step Id="phys_opt_design"/>
    <Step Id="route_design"/>
    <Step Id="post_route_phys_opt_design"/>
    <Step Id="write_bitstream"/>
  </Strategy>
</GenRun>
